	XGB	domain	neg_num	pos_num
0	0.3105621498487917	MH1	78	13
1	0.013513513513513514	GTP_EFTU_D2	66	1
2	0.45686840851240185	RNase_T	99	15
3	0.46053252303252296	TPR_1	27	6
4	0.9803850820909679	HLH	30	19
5	0.7119886995801267	zf-CXXC	29	17
