	XGB	domain	neg_num	pos_num
0	0.7434137291280147	RRM_1	41	7
1	0.34659505468854207	TIG	76	4
2	0.04624846796846205	Trypsin	175	9
3	0.9738062442607898	zf-C2H2_4	2	11
4	0.43789326007786983	Exo_endo_phos	141	8
5	0.7205514039337569	zf-H2C2_5	9	15
6	0.7924604408628367	HMG_box	26	25
