	XGB	domain	neg_num	pos_num
0	0.5932632299412928	GATA	17	16
1	0.8610714794177526	bZIP_1	49	14
2	0.5295946185651582	CSD	51	15
3	0.8716047640088685	Ets	56	25
4	0.8800497504444874	Myb_DNA-bind_6	36	12
5	0.013721515633280341	cNMP_binding	80	2
