	XGB	domain	neg_num	pos_num
0	0.5414207167944535	Histone	78	15
1	0.21611124447865823	RnaseA	94	16
2	0.4994623655913978	NTP_transf_2	78	3
3	0.9468217893217893	zf-H2C2_2	3	10
4	0.3205452131051976	Helicase_C	43	12
5	0.3412878787878788	TPR_17	28	4
6	0.4669814184250942	Pou	51	18
