	XGB	domain	neg_num	pos_num
0	0.8418824760603754	zf-C4	37	19
1	0.5402418018489447	KH_1	41	7
2	1.0	Homeobox	1	8
3	0.7782312925170067	zf-CCHC	10	7
4	0.7968430158307875	Forkhead	56	16
5	0.737630789212075	T-box	154	25
6	0.030660609433475285	APOBEC_C	68	3
