	XGB	domain	neg_num	pos_num
0	1.2236054117539163	GATA	17	16
1	3.8748216573798873	bZIP_1	49	14
2	2.330216321686696	CSD	51	15
3	2.823999435388734	Ets	56	25
4	3.5201990017779496	Myb_DNA-bind_6	36	12
5	0.562582140964494	cNMP_binding	80	2
