	XGB	domain	neg_num	pos_num
0	5.0976941425921005	RRM_1	41	7
1	6.931901093770841	TIG	76	4
2	0.9455242340218907	Trypsin	175	9
3	1.1508619250354788	zf-C2H2_4	2	11
4	8.155761968950326	Exo_endo_phos	141	8
5	1.1528822462940111	zf-H2C2_5	9	15
6	1.6166192993601871	HMG_box	26	25
