	XGB	domain	neg_num	pos_num
0	0.6286764705882353	GATA	17	16
1	0.9489795918367346	bZIP_1	49	14
2	0.8052287581699347	CSD	51	15
3	0.9235714285714287	Ets	56	25
4	0.9560185185185186	Myb_DNA-bind_6	36	12
5	0.125	cNMP_binding	80	2
