	XGB	domain	neg_num	pos_num
0	3.3568084441256114	Histone	78	15
1	1.4857648057907755	RnaseA	94	16
2	13.485483870967741	NTP_transf_2	78	3
3	1.230868326118326	zf-H2C2_2	3	10
4	1.4691655600654892	Helicase_C	43	12
5	2.7303030303030305	TPR_17	28	4
6	1.7900954372961946	Pou	51	18
