	XGB	domain	neg_num	pos_num
0	2.173935048941542	MH1	78	13
1	0.9054054054054055	GTP_EFTU_D2	66	1
2	3.4721999046942544	RNase_T	99	15
3	2.5329288766788762	TPR_1	27	6
4	2.528361527497759	HLH	30	19
5	1.9265576576874017	zf-CXXC	29	17
