	XGB	domain	neg_num	pos_num
0	0.9547038327526133	RRM_1	41	7
1	0.7763157894736842	TIG	76	4
2	0.5257142857142857	Trypsin	175	9
3	0.8636363636363636	zf-C2H2_4	2	11
4	0.8156028368794326	Exo_endo_phos	141	8
5	0.7629629629629631	zf-H2C2_5	9	15
6	0.7892307692307693	HMG_box	26	25
