	XGB	domain	neg_num	pos_num
0	0.8214990138067062	MH1	78	13
1	0.4545454545454546	GTP_EFTU_D2	66	1
2	0.7158249158249157	RNase_T	99	15
3	0.7962962962962963	TPR_1	27	6
4	0.9859649122807017	HLH	30	19
5	0.8052738336713996	zf-CXXC	29	17
