	XGB	domain	neg_num	pos_num
0	0.8239316239316239	Histone	78	15
1	0.6768617021276596	RnaseA	94	16
2	0.8717948717948717	NTP_transf_2	78	3
3	0.8333333333333334	zf-H2C2_2	3	10
4	0.693798449612403	Helicase_C	43	12
5	0.875	TPR_17	28	4
6	0.7352941176470589	Pou	51	18
