	XGB	domain	neg_num	pos_num
0	2.4813378241779485	zf-C4	37	19
1	3.7045152126784773	KH_1	41	7
2	1.125	Homeobox	1	8
3	1.8899902818270164	zf-CCHC	10	7
4	3.5857935712385443	Forkhead	56	16
5	5.2814364507584575	T-box	154	25
6	0.7256344232589151	APOBEC_C	68	3
