	XGB	domain	neg_num	pos_num
0	0.8918918918918919	zf-C4	37	19
1	0.8954703832752613	KH_1	41	7
2	1.0	Homeobox	1	8
3	0.857142857142857	zf-CCHC	10	7
4	0.9051339285714286	Forkhead	56	16
5	0.935064935064935	T-box	154	25
6	0.3627450980392157	APOBEC_C	68	3
