	XGB	domain	neg_num	pos_num
0	5.335903724809049	Peptidase_M10	70	13
1	39.5	NTP_transf_2	77	2
2	35.292410714285715	PDEase_I	159	4
3	122.99999999999999	CAP	122	1
4	2.4357864357864356	Lectin_C	48	3
5	3.25	zf-H2C2_2	9	4
6	1.3014069264069263	NHL	24	2
7	6.998937570366142	Cadherin_2	73	7
8	6.893253968253968	FYVE	56	8
9	4.086274509803922	zf-A20	19	5
10	5.1	zf-UBP	41	10
11	2.0	Prok-RING_4	8	8
12	4.5	zf-CCCH	14	4
13	7.562499999999998	PKD	64	2
