	XGB	domain	neg_num	pos_num
0	0.8357439568978029	Peptidase_M10	70	13
1	1.0	NTP_transf_2	77	2
2	0.8660714285714286	PDEase_I	159	4
3	1.0	CAP	122	1
4	0.14328155504626092	Lectin_C	48	3
5	1.0	zf-H2C2_2	9	4
6	0.1001082251082251	NHL	24	2
7	0.6124070374070374	Cadherin_2	73	7
8	0.861656746031746	FYVE	56	8
9	0.8513071895424837	zf-A20	19	5
10	1.0	zf-UBP	41	10
11	1.0	Prok-RING_4	8	8
12	1.0	zf-CCCH	14	4
13	0.22916666666666663	PKD	64	2
