	XGB	domain	neg_num	pos_num
0	1.0	His_Phos_1	152	1
1	0.8440000000000001	LIM	25	10
2	0.42759295499021527	SNF	511	4
3	0.6681818181818182	PHD_2	20	11
4	0.8804159445407279	tRNA-synt_1	577	1
5	0.9722222222222223	TSP_3	20	9
6	0.7649572649572649	GATA	26	9
7	0.9910714285714285	BIR	56	4
8	0.7972027972027972	Glyco_hydro_31	429	3
9	0.6147540983606558	GAF	122	1
10	1.0	C1_1	34	8
11	1.0	zf-B_box	32	8
12	0.9285714285714286	Kelch_1	42	1
13	0.12903225806451613	TNFR_c6	31	1
