	XGB	domain	neg_num	pos_num
0	1.0	His_Phos_1	152	1
1	0.8652680439764838	LIM	25	10
2	0.007303345477993949	SNF	511	4
3	0.7232976586886509	PHD_2	20	11
4	0.007142857142857143	tRNA-synt_1	577	1
5	0.9512701804368473	TSP_3	20	9
6	0.676716126819326	GATA	26	9
7	0.8708333333333333	BIR	56	4
8	0.02319860264189442	Glyco_hydro_31	429	3
9	0.010416666666666666	GAF	122	1
10	1.0	C1_1	34	8
11	1.0	zf-B_box	32	8
12	0.125	Kelch_1	42	1
13	0.017857142857142856	TNFR_c6	31	1
