	XGB	domain	neg_num	pos_num
0	0.9714285714285714	Peptidase_M10	70	13
1	1.0	NTP_transf_2	77	2
2	0.9937106918238994	PDEase_I	159	4
3	1.0	CAP	122	1
4	0.7326388888888888	Lectin_C	48	3
5	1.0	zf-H2C2_2	9	4
6	0.6666666666666666	NHL	24	2
7	0.898238747553816	Cadherin_2	73	7
8	0.9866071428571428	FYVE	56	8
9	0.8631578947368421	zf-A20	19	5
10	1.0	zf-UBP	41	10
11	1.0	Prok-RING_4	8	8
12	1.0	zf-CCCH	14	4
13	0.95703125	PKD	64	2
