	XGB	domain	neg_num	pos_num
0	153.0	His_Phos_1	152	1
1	3.0284381539176937	LIM	25	10
2	0.940305730291721	SNF	511	4
3	2.0383843108498345	PHD_2	20	11
4	4.128571428571428	tRNA-synt_1	577	1
5	3.065203914740952	TSP_3	20	9
6	2.6316738265196014	GATA	26	9
7	13.0625	BIR	56	4
8	3.3405987804327966	Glyco_hydro_31	429	3
9	1.2812499999999998	GAF	122	1
10	5.25	C1_1	34	8
11	5.0	zf-B_box	32	8
12	5.375	Kelch_1	42	1
13	0.5714285714285714	TNFR_c6	31	1
