	XGB	domain	neg_num	pos_num
0	1.4106772013315096	Neur_chan_LBD	162	3
1	0.95823492286115	7TM_GPCR_Srsx	232	2
2	1.1444184753846884	BTB	100	5
3	0.7304454989535236	MHC_I	74	37
4	12.517578996745664	Asp	178	6
5	1.176356385705935	FERM_M	106	9
6	1.4854603648967226	MHC_II_beta	43	18
7	2.630174696041708	SH2	25	11
8	2.2968749999999996	HRM	33	2
