	XGB	domain	neg_num	pos_num
0	0.6502057613168724	Neur_chan_LBD	162	3
1	0.4892241379310345	7TM_GPCR_Srsx	232	2
2	0.5700000000000001	BTB	100	5
3	0.2940102264426589	MHC_I	74	37
4	0.9466292134831461	Asp	178	6
5	0.6016771488469601	FERM_M	106	9
6	0.6718346253229975	MHC_II_beta	43	18
7	0.8436363636363636	SH2	25	11
8	0.7575757575757576	HRM	33	2
