	XGB	domain	neg_num	pos_num
0	0.02564867638784563	Neur_chan_LBD	162	3
1	0.008190042075736325	7TM_GPCR_Srsx	232	2
2	0.054496117875461346	BTB	100	5
3	0.24348183298450785	MHC_I	74	37
4	0.4081819238069238	Asp	178	6
5	0.09206267366394275	FERM_M	106	9
6	0.43833256669083615	MHC_II_beta	43	18
7	0.8036644904571886	SH2	25	11
8	0.13124999999999998	HRM	33	2
