	XGB	domain	neg_num	pos_num
0	0.673076923076923	RRM_1	26	2
1	0.8075949367088606	FKBP_C	79	5
2	0.713855421686747	MFS_1	332	5
3	0.8130411255411255	Hist_deacetyl	264	14
4	0.7921146953405018	DUF1986	93	3
5	0.6785714285714286	Phospholip_A2_1	84	9
6	0.7948717948717949	PTCB-BRCT	39	1
7	0.8996509598603839	Peptidase_C1	191	6
8	0.5303030303030303	WW	12	11
9	0.6622383252818035	Fibrinogen_C	207	12
10	0.8911764705882353	PWWP	68	5
11	1.0	SH3_9	10	13
