	XGB	domain	neg_num	pos_num
0	0.0950091575091575	RRM_1	26	2
1	0.41634339914827717	FKBP_C	79	5
2	0.025899448016443623	MFS_1	332	5
3	0.19249556782792215	Hist_deacetyl	264	14
4	0.23669086509376885	DUF1986	93	3
5	0.13862166304420762	Phospholip_A2_1	84	9
6	0.05555555555555555	PTCB-BRCT	39	1
7	0.13580428783979717	Peptidase_C1	191	6
8	0.4633341947272153	WW	12	11
9	0.08685270269449	Fibrinogen_C	207	12
10	0.5991342864125122	PWWP	68	5
11	0.9999999999999998	SH3_9	10	13
