	XGB	domain	neg_num	pos_num
0	1.330128205128205	RRM_1	26	2
1	6.994569105691057	FKBP_C	79	5
2	1.7456227963083002	MFS_1	332	5
3	3.822411989725883	Hist_deacetyl	264	14
4	7.574107683000603	DUF1986	93	3
5	1.4324238514568122	Phospholip_A2_1	84	9
6	2.222222222222222	PTCB-BRCT	39	1
7	4.458907450740007	Peptidase_C1	191	6
8	0.9687896798841774	WW	12	11
9	1.5850618241744425	Fibrinogen_C	207	12
10	8.74736058162268	PWWP	68	5
11	1.769230769230769	SH3_9	10	13
