	XGB	domain	neg_num	pos_num
0	0.7543190446933162	tRNA-synt_1	461	7
1	1.840701742472706	CSD	42	22
2	1.3367652590744894	Ribosomal_S4	18	33
