	XGB	domain	neg_num	pos_num
0	0.6222718253968254	RNase_T	144	14
1	0.6666666666666666	S4	9	24
2	0.9375	PUF	8	4
3	0.5324675324675325	TPR_1	14	11
