	XGB	domain	neg_num	pos_num
0	1.2311844397451597	RNase_T	144	14
1	1.1359348984163278	S4	9	24
2	2.6125000000000003	PUF	8	4
3	1.2907753443212955	TPR_1	14	11
