	XGB	domain	neg_num	pos_num
0	0.01128254981378892	tRNA-synt_1	461	7
1	0.6327412239749927	CSD	42	22
2	0.8649657558717284	Ribosomal_S4	18	33
