	XGB	domain	neg_num	pos_num
0	0.40068174775333126	tRNA-synt_1	461	7
1	0.7597402597402597	CSD	42	22
2	0.7424242424242424	Ribosomal_S4	18	33
