	XGB	domain	neg_num	pos_num
0	0.21386706003532707	Nop	154	14
1	0.6400523088023088	KH_1	31	7
2	0.6647289218717789	KOW	9	7
3	0.9208683992774902	zf-CCHC	2	11
