	XGB	domain	neg_num	pos_num
0	2.566404720423925	Nop	154	14
1	3.4745696763553906	KH_1	31	7
2	1.5193803928497804	KOW	9	7
3	1.088299017327943	zf-CCHC	2	11
