	XGB	domain	neg_num	pos_num
0	1.6510917051358227	LRR_4	25	6
1	2.0693079514917594	RRM_1	19	14
2	1.65781957616474	LSM	32	7
3	3.2213942939928164	Ribosomal_L7Ae	48	16
