	XGB	domain	neg_num	pos_num
0	0.4351851851851852	NUDIX	108	12
1	0.666023166023166	Anticodon_1	74	7
2	1.0	Helicase_C	26	1
3	0.8717948717948718	TPR_17	13	3
4	0.8251231527093597	dsrm	29	14
5	0.6293706293706294	zf-CCCH	11	13
