	XGB	domain	neg_num	pos_num
0	0.0836916855721482	NUDIX	108	12
1	0.24729017516271698	Anticodon_1	74	7
2	1.0	Helicase_C	26	1
3	0.7767857142857143	TPR_17	13	3
4	0.6953737023238722	dsrm	29	14
5	0.7177440619609821	zf-CCCH	11	13
