	XGB	domain	neg_num	pos_num
0	0.76	LRR_4	25	6
1	0.8759398496240602	RRM_1	19	14
2	0.7678571428571429	LSM	32	7
3	0.8684895833333333	Ribosomal_L7Ae	48	16
