	XGB	domain	neg_num	pos_num
0	0.7203153988868275	Nop	154	14
1	0.8986175115207373	KH_1	31	7
2	0.7619047619047619	KOW	9	7
3	0.5909090909090908	zf-CCHC	2	11
