	XGB	domain	neg_num	pos_num
0	0.10909229212931795	RNase_T	144	14
1	0.8261344715755111	S4	9	24
2	0.8708333333333333	PUF	8	4
3	0.56794115150137	TPR_1	14	11
