	XGB	domain	neg_num	pos_num
0	0.836916855721482	NUDIX	108	12
1	2.8615005983114394	Anticodon_1	74	7
2	27.0	Helicase_C	26	1
3	4.142857142857143	TPR_17	13	3
4	2.135790657137607	dsrm	29	14
5	1.3250659605433517	zf-CCCH	11	13
