	XGB	domain	neg_num	pos_num
0	0.31956613647790116	LRR_4	25	6
1	0.8778882218449888	RRM_1	19	14
2	0.29755735982444054	LSM	32	7
3	0.8053485734982041	Ribosomal_L7Ae	48	16
