	XGB	domain	neg_num	pos_num
0	2.4041887223670297	MH1	78	13
1	0.9054054054054055	GTP_EFTU_D2	66	1
2	3.725164865966094	RNase_T	99	15
3	3.138227513227513	TPR_1	27	6
4	2.5214394166696596	HLH	30	19
5	1.9942750002862424	zf-CXXC	29	17
