	XGB	domain	neg_num	pos_num
0	0.9032716927453769	zf-C4	37	19
1	0.9059233449477353	KH_1	41	7
2	1.0	Homeobox	1	8
3	0.7714285714285714	zf-CCHC	10	7
4	0.8950892857142857	Forkhead	56	16
5	0.9355844155844155	T-box	154	25
6	0.5931372549019608	APOBEC_C	68	3
