	XGB	domain	neg_num	pos_num
0	2.490849465388718	zf-C4	37	19
1	3.4883565414177657	KH_1	41	7
2	1.125	Homeobox	1	8
3	1.3344752186588922	zf-CCHC	10	7
4	3.210780703872844	Forkhead	56	16
5	5.28403372046083	T-box	154	25
6	1.1496673503209451	APOBEC_C	68	3
