	XGB	domain	neg_num	pos_num
0	0.8	Histone	78	15
1	0.6875	RnaseA	94	16
2	0.829059829059829	NTP_transf_2	78	3
3	0.8666666666666667	zf-H2C2_2	3	10
4	0.6414728682170543	Helicase_C	43	12
5	0.8124999999999999	TPR_17	28	4
6	0.7124183006535947	Pou	51	18
