	XGB	domain	neg_num	pos_num
0	0.47333636506297533	Histone	78	15
1	0.2667314751840689	RnaseA	94	16
2	0.49275067750677504	NTP_transf_2	78	3
3	0.9602146464646465	zf-H2C2_2	3	10
4	0.2994257848340902	Helicase_C	43	12
5	0.25771520146520144	TPR_17	28	4
6	0.43873823651476584	Pou	51	18
