	XGB	domain	neg_num	pos_num
0	0.8422090729783037	MH1	78	13
1	0.4545454545454546	GTP_EFTU_D2	66	1
2	0.760942760942761	RNase_T	99	15
3	0.8827160493827161	TPR_1	27	6
4	0.9842105263157894	HLH	30	19
5	0.77079107505071	zf-CXXC	29	17
