	XGB	domain	neg_num	pos_num
0	5.9953352769679285	RRM_1	41	7
1	2.907983807558111	TIG	76	4
2	1.3546212619445386	Trypsin	175	9
3	1.1818181818181819	zf-C2H2_4	2	11
4	6.809915005243571	Exo_endo_phos	141	8
5	1.0634425663775509	zf-H2C2_5	9	15
6	1.5089382341932143	HMG_box	26	25
