	XGB	domain	neg_num	pos_num
0	0.6029411764705882	GATA	17	16
1	0.9533527696793003	bZIP_1	49	14
2	0.7908496732026145	CSD	51	15
3	0.9014285714285715	Ets	56	25
4	0.9675925925925927	Myb_DNA-bind_6	36	12
5	0.34375	cNMP_binding	80	2
