	XGB	domain	neg_num	pos_num
0	0.8451096400426008	zf-C4	37	19
1	0.5087186622900909	KH_1	41	7
2	1.0	Homeobox	1	8
3	0.5494897959183673	zf-CCHC	10	7
4	0.7135068230828542	Forkhead	56	16
5	0.7379935363772108	T-box	154	25
6	0.04857749367553289	APOBEC_C	68	3
