	XGB	domain	neg_num	pos_num
0	2.9346854633904473	Histone	78	15
1	1.8337788918904738	RnaseA	94	16
2	13.304268292682927	NTP_transf_2	78	3
3	1.2482790404040405	zf-H2C2_2	3	10
4	1.3723681804895802	Helicase_C	43	12
5	2.0617216117216115	TPR_17	28	4
6	1.6818299066399358	Pou	51	18
