	XGB	domain	neg_num	pos_num
0	0.8743197278911563	RRM_1	41	7
1	0.14539919037790555	TIG	76	4
2	0.06625864868206982	Trypsin	175	9
3	1.0	zf-C2H2_4	2	11
4	0.3656330204157622	Exo_endo_phos	141	8
5	0.6646516039859693	zf-H2C2_5	9	15
6	0.7396756049966736	HMG_box	26	25
