	XGB	domain	neg_num	pos_num
0	0.6100603514613854	GATA	17	16
1	0.8677819402819402	bZIP_1	49	14
2	0.49044178779278497	CSD	51	15
3	0.8011625881649852	Ets	56	25
4	0.9230892677583855	Myb_DNA-bind_6	36	12
5	0.017597659393465616	cNMP_binding	80	2
