	XGB	domain	neg_num	pos_num
0	0.9790940766550523	RRM_1	41	7
1	0.7960526315789473	TIG	76	4
2	0.6546031746031746	Trypsin	175	9
3	1.0	zf-C2H2_4	2	11
4	0.7482269503546098	Exo_endo_phos	141	8
5	0.6814814814814816	zf-H2C2_5	9	15
6	0.7569230769230769	HMG_box	26	25
