	XGB	domain	neg_num	pos_num
0	1.2582494748891073	GATA	17	16
1	3.905018731268731	bZIP_1	49	14
2	2.157943866288254	CSD	51	15
3	2.5957667856545523	Ets	56	25
4	3.692357071033542	Myb_DNA-bind_6	36	12
5	0.7215040351320903	cNMP_binding	80	2
