	XGB	domain	neg_num	pos_num
0	0.3434555317667185	MH1	78	13
1	0.013513513513513514	GTP_EFTU_D2	66	1
2	0.4901532718376439	RNase_T	99	15
3	0.5705868205868205	TPR_1	27	6
4	0.9777009983004803	HLH	30	19
5	0.7370146740188287	zf-CXXC	29	17
