	XGB	domain	neg_num	pos_num
0	1.0	His_Phos_1	152	1
1	0.8768716577540107	LIM	25	10
2	0.008317631909636367	SNF	511	4
3	0.7416040457503195	PHD_2	20	11
4	0.0025	tRNA-synt_1	577	1
5	0.9656705948372617	TSP_3	20	9
6	0.7040568364097777	GATA	26	9
7	0.94375	BIR	56	4
8	0.025056127657059335	Glyco_hydro_31	429	3
9	0.006024096385542169	GAF	122	1
10	1.0	C1_1	34	8
11	1.0	zf-B_box	32	8
12	0.125	Kelch_1	42	1
13	0.02	TNFR_c6	31	1
