	XGB	domain	neg_num	pos_num
0	153.0	His_Phos_1	152	1
1	3.0690508021390377	LIM	25	10
2	1.0708951083656824	SNF	511	4
3	2.0899750380236273	PHD_2	20	11
4	1.445	tRNA-synt_1	577	1
5	3.1116052500311766	TSP_3	20	9
6	2.737998808260247	GATA	26	9
7	14.15625	BIR	56	4
8	3.6080823826165442	Glyco_hydro_31	429	3
9	0.7409638554216867	GAF	122	1
10	5.25	C1_1	34	8
11	5.0	zf-B_box	32	8
12	5.375	Kelch_1	42	1
13	0.64	TNFR_c6	31	1
