	XGB	domain	neg_num	pos_num
0	1.0	His_Phos_1	152	1
1	0.8680000000000001	LIM	25	10
2	0.5122309197651664	SNF	511	4
3	0.6545454545454544	PHD_2	20	11
4	0.6551126516464472	tRNA-synt_1	577	1
5	0.9833333333333334	TSP_3	20	9
6	0.7777777777777778	GATA	26	9
7	0.9955357142857142	BIR	56	4
8	0.8624708624708625	Glyco_hydro_31	429	3
9	0.3278688524590164	GAF	122	1
10	1.0	C1_1	34	8
11	1.0	zf-B_box	32	8
12	0.9285714285714286	Kelch_1	42	1
13	0.22580645161290325	TNFR_c6	31	1
