	XGB	domain	neg_num	pos_num
0	5.65614130681781	Peptidase_M10	70	13
1	39.5	NTP_transf_2	77	2
2	37.014583333333334	PDEase_I	159	4
3	122.99999999999999	CAP	122	1
4	2.275692825692826	Lectin_C	48	3
5	3.25	zf-H2C2_2	9	4
6	1.240909090909091	NHL	24	2
7	8.566374152782629	Cadherin_2	73	7
8	8.0	FYVE	56	8
9	4.117999999999999	zf-A20	19	5
10	5.1	zf-UBP	41	10
11	2.0	Prok-RING_4	8	8
12	4.5	zf-CCCH	14	4
13	2.457258064516129	PKD	64	2
