	XGB	domain	neg_num	pos_num
0	0.6153846153846154	RRM_1	26	2
1	0.8354430379746836	FKBP_C	79	5
2	0.6921686746987952	MFS_1	332	5
3	0.7789502164502164	Hist_deacetyl	264	14
4	0.7956989247311828	DUF1986	93	3
5	0.5793650793650794	Phospholip_A2_1	84	9
6	0.4358974358974359	PTCB-BRCT	39	1
7	0.9162303664921466	Peptidase_C1	191	6
8	0.5303030303030303	WW	12	11
9	0.6465378421900161	Fibrinogen_C	207	12
10	0.9735294117647059	PWWP	68	5
11	0.9846153846153847	SH3_9	10	13
