	XGB	domain	neg_num	pos_num
0	0.021430880440607092	Neur_chan_LBD	162	3
1	0.012352455833818676	7TM_GPCR_Srsx	232	2
2	0.04231522915806133	BTB	100	5
3	0.5213535347288397	MHC_I	74	37
4	0.2511612239662132	Asp	178	6
5	0.0621927086389823	FERM_M	106	9
6	0.6854721968299564	MHC_II_beta	43	18
7	0.6396473585702835	SH2	25	11
8	0.15423076923076923	HRM	33	2
