	XGB	domain	neg_num	pos_num
0	0.6152263374485597	Neur_chan_LBD	162	3
1	0.6788793103448276	7TM_GPCR_Srsx	232	2
2	0.484	BTB	100	5
3	0.7520087655222791	MHC_I	74	37
4	0.8661048689138577	Asp	178	6
5	0.42138364779874216	FERM_M	106	9
6	0.7958656330749354	MHC_II_beta	43	18
7	0.7927272727272727	SH2	25	11
8	0.6212121212121212	HRM	33	2
