	XGB	domain	neg_num	pos_num
0	1.1541666666666668	RRM_1	26	2
1	8.336603070553736	FKBP_C	79	5
2	1.4879694631018818	MFS_1	332	5
3	4.201647963938245	Hist_deacetyl	264	14
4	21.780790960451977	DUF1986	93	3
5	1.1936873600815925	Phospholip_A2_1	84	9
6	0.8695652173913043	PTCB-BRCT	39	1
7	5.227896827525144	Peptidase_C1	191	6
8	0.9486625223633641	WW	12	11
9	1.5084545632029076	Fibrinogen_C	207	12
10	9.797063492063492	PWWP	68	5
11	1.750436742744435	SH3_9	10	13
