	XGB	domain	neg_num	pos_num
0	0.08244047619047619	RRM_1	26	2
1	0.4962263732472461	FKBP_C	79	5
2	0.022076698265606556	MFS_1	332	5
3	0.21159378235660226	Hist_deacetyl	264	14
4	0.6806497175141243	DUF1986	93	3
5	0.11551813162079927	Phospholip_A2_1	84	9
6	0.021739130434782608	PTCB-BRCT	39	1
7	0.15922528408706021	Peptidase_C1	191	6
8	0.45370816286943505	WW	12	11
9	0.08265504455906343	Fibrinogen_C	207	12
10	0.671031746031746	PWWP	68	5
11	0.9893772893772892	SH3_9	10	13
