	XGB	domain	neg_num	pos_num
0	1.1786984242333902	Neur_chan_LBD	162	3
1	1.4452373325567849	7TM_GPCR_Srsx	232	2
2	0.888619812319288	BTB	100	5
3	1.5640606041865193	MHC_I	74	37
4	7.702277534963872	Asp	178	6
5	0.794684610386996	FERM_M	106	9
6	2.3229891114792967	MHC_II_beta	43	18
7	2.093391355320928	SH2	25	11
8	2.6990384615384615	HRM	33	2
