	XGB	domain	neg_num	pos_num
0	1.1060393618248736	RNase_T	144	14
1	1.1973644312917515	S4	9	24
2	1.2197916666666668	PUF	8	4
3	1.3709087109446598	TPR_1	14	11
