	XGB	domain	neg_num	pos_num
0	0.09688102704180329	NUDIX	108	12
1	0.1344471247839846	Anticodon_1	74	7
2	0.25	Helicase_C	26	1
3	0.29166666666666663	TPR_17	13	3
4	0.6702720193708694	dsrm	29	14
5	0.6856030476317916	zf-CCCH	11	13
