	XGB	domain	neg_num	pos_num
0	0.7392746745816753	tRNA-synt_1	461	7
1	1.6487575416168667	CSD	42	22
2	1.3413026283557319	Ribosomal_S4	18	33
