	XGB	domain	neg_num	pos_num
0	0.8242115027829313	Nop	154	14
1	0.847926267281106	KH_1	31	7
2	0.5873015873015873	KOW	9	7
3	0.13636363636363635	zf-CCHC	2	11
