	XGB	domain	neg_num	pos_num
0	0.23588709677419356	LRR_4	25	6
1	0.8326931996574853	RRM_1	19	14
2	0.4636714079571222	LSM	32	7
3	0.6510416666666666	Ribosomal_L7Ae	48	16
