	XGB	domain	neg_num	pos_num
0	3.738227362389751	Nop	154	14
1	3.201719369066308	KH_1	31	7
2	1.2905026945843272	KOW	9	7
3	0.8827811765828294	zf-CCHC	2	11
