	XGB	domain	neg_num	pos_num
0	0.31151894686581255	Nop	154	14
1	0.589790410091162	KH_1	31	7
2	0.5645949288806431	KOW	9	7
3	0.7469686878777787	zf-CCHC	2	11
