	XGB	domain	neg_num	pos_num
0	0.9688102704180329	NUDIX	108	12
1	1.5557453010718219	Anticodon_1	74	7
2	6.75	Helicase_C	26	1
3	1.5555555555555554	TPR_17	13	3
4	2.058692630924813	dsrm	29	14
5	1.2657287033202307	zf-CCCH	11	13
