	XGB	domain	neg_num	pos_num
0	0.6300000000000001	LRR_4	25	6
1	0.7988721804511278	RRM_1	19	14
2	0.8370535714285714	LSM	32	7
3	0.6920572916666666	Ribosomal_L7Ae	48	16
