	XGB	domain	neg_num	pos_num
0	0.09800348775663437	RNase_T	144	14
1	0.8708104954849102	S4	9	24
2	0.4065972222222223	PUF	8	4
3	0.6031998328156504	TPR_1	14	11
