	XGB	domain	neg_num	pos_num
0	0.5386904761904763	RNase_T	144	14
1	0.7268518518518519	S4	9	24
2	0.6875	PUF	8	4
3	0.6168831168831168	TPR_1	14	11
