	XGB	domain	neg_num	pos_num
0	1.21875	LRR_4	25	6
1	1.9627768277640725	RRM_1	19	14
2	2.583312130046824	LSM	32	7
3	2.6041666666666665	Ribosomal_L7Ae	48	16
