	XGB	domain	neg_num	pos_num
0	0.011057527183913948	tRNA-synt_1	461	7
1	0.5667604049307979	CSD	42	22
2	0.8679017007007677	Ribosomal_S4	18	33
