	XGB	domain	neg_num	pos_num
0	0.3631856213201115	tRNA-synt_1	461	7
1	0.6450216450216449	CSD	42	22
2	0.7441077441077439	Ribosomal_S4	18	33
