	XGB	domain	neg_num	pos_num
0	0.5177469135802469	NUDIX	108	12
1	0.7084942084942085	Anticodon_1	74	7
2	0.9615384615384616	Helicase_C	26	1
3	0.7435897435897436	TPR_17	13	3
4	0.7758620689655173	dsrm	29	14
5	0.5524475524475525	zf-CCCH	11	13
