	Logistic	domain	neg_num	pos_num
0	1.3368613297983791	GATA	17	16
1	3.8436329100097892	bZIP_1	49	14
2	2.421073634094523	CSD	51	15
3	2.8122632295594667	Ets	56	25
4	2.9932118268914945	Myb_DNA-bind_6	36	12
5	0.5807187421111472	cNMP_binding	80	2
