	Logistic	domain	neg_num	pos_num
0	0.29286490206120774	RRM_1	41	7
1	0.3876831501831502	TIG	76	4
2	0.039876180001791973	Trypsin	175	9
3	0.9834022038567494	zf-C2H2_4	2	11
4	0.29970000491773363	Exo_endo_phos	141	8
5	0.7674181292563645	zf-H2C2_5	9	15
6	0.7332089185910411	HMG_box	26	25
