	Logistic	domain	neg_num	pos_num
0	0.7322382210216729	zf-C4	37	19
1	0.25851049399186043	KH_1	41	7
2	1.0	Homeobox	1	8
3	0.5960784313725489	zf-CCHC	10	7
4	0.7312899775602889	Forkhead	56	16
5	0.6239061108847844	T-box	154	25
6	0.05647714459189869	APOBEC_C	68	3
