	Logistic	domain	neg_num	pos_num
0	0.6286764705882353	GATA	17	16
1	0.9518950437317785	bZIP_1	49	14
2	0.8274509803921569	CSD	51	15
3	0.902142857142857	Ets	56	25
4	0.8958333333333334	Myb_DNA-bind_6	36	12
5	0.1875	cNMP_binding	80	2
