	Logistic	domain	neg_num	pos_num
0	0.6132404181184669	RRM_1	41	7
1	0.888157894736842	TIG	76	4
2	0.4349206349206349	Trypsin	175	9
3	0.9090909090909092	zf-C2H2_4	2	11
4	0.7287234042553191	Exo_endo_phos	141	8
5	0.7555555555555555	zf-H2C2_5	9	15
6	0.7676923076923077	HMG_box	26	25
