	Logistic	domain	neg_num	pos_num
0	0.8051282051282052	Histone	78	15
1	0.5638297872340425	RnaseA	94	16
2	0.9871794871794872	NTP_transf_2	78	3
3	0.8333333333333334	zf-H2C2_2	3	10
4	0.37984496124031014	Helicase_C	43	12
5	0.5892857142857143	TPR_17	28	4
6	0.6938997821350763	Pou	51	18
