	Logistic	domain	neg_num	pos_num
0	2.158175809327036	zf-C4	37	19
1	1.7726433873727572	KH_1	41	7
2	1.125	Homeobox	1	8
3	1.4476190476190474	zf-CCHC	10	7
4	3.2908048990213	Forkhead	56	16
5	4.4671677539350565	T-box	154	25
6	1.3366257553416023	APOBEC_C	68	3
