	Logistic	domain	neg_num	pos_num
0	0.4503669895716039	Histone	78	15
1	0.20252743141015095	RnaseA	94	16
2	0.8166666666666667	NTP_transf_2	78	3
3	0.9392243867243867	zf-H2C2_2	3	10
4	0.16797448241745966	Helicase_C	43	12
5	0.18805358350236648	TPR_17	28	4
6	0.4674791487815033	Pou	51	18
