	Logistic	domain	neg_num	pos_num
0	0.7837837837837838	zf-C4	37	19
1	0.7770034843205574	KH_1	41	7
2	1.0	Homeobox	1	8
3	0.7428571428571429	zf-CCHC	10	7
4	0.8671875	Forkhead	56	16
5	0.9015584415584416	T-box	154	25
6	0.5833333333333334	APOBEC_C	68	3
