	Logistic	domain	neg_num	pos_num
0	0.3194956742044366	MH1	78	13
1	0.013513513513513514	GTP_EFTU_D2	66	1
2	0.5084859214851594	RNase_T	99	15
3	0.549364116275881	TPR_1	27	6
4	0.9705657424192888	HLH	30	19
5	0.8691145440313601	zf-CXXC	29	17
