	Logistic	domain	neg_num	pos_num
0	2.7922753353439442	Histone	78	15
1	1.3923760909447878	RnaseA	94	16
2	22.05	NTP_transf_2	78	3
3	1.2209917027417025	zf-H2C2_2	3	10
4	0.7698830444133568	Helicase_C	43	12
5	1.5044286680189318	TPR_17	28	4
6	1.7920034036624295	Pou	51	18
