	Logistic	domain	neg_num	pos_num
0	0.6481751902052747	GATA	17	16
1	0.854140646668842	bZIP_1	49	14
2	0.5502440077487551	CSD	51	15
3	0.8679824782590946	Ets	56	25
4	0.7483029567228736	Myb_DNA-bind_6	36	12
5	0.014163871758808467	cNMP_binding	80	2
