	Logistic	domain	neg_num	pos_num
0	0.8254437869822485	MH1	78	13
1	0.4545454545454546	GTP_EFTU_D2	66	1
2	0.8235690235690236	RNase_T	99	15
3	0.8209876543209876	TPR_1	27	6
4	0.9789473684210527	HLH	30	19
5	0.8945233265720082	zf-CXXC	29	17
