	Logistic	domain	neg_num	pos_num
0	2.236469719431056	MH1	78	13
1	0.9054054054054055	GTP_EFTU_D2	66	1
2	3.8644930032872113	RNase_T	99	15
3	3.021502639517345	TPR_1	27	6
4	2.50303796729185	HLH	30	19
5	2.3517217073789745	zf-CXXC	29	17
