	Logistic	domain	neg_num	pos_num
0	2.008216471276853	RRM_1	41	7
1	7.753663003663004	TIG	76	4
2	0.8152463467033025	Trypsin	175	9
3	1.1622026045579765	zf-C2H2_4	2	11
4	5.581912591592789	Exo_endo_phos	141	8
5	1.2278690068101832	zf-H2C2_5	9	15
6	1.495746193925724	HMG_box	26	25
