	Logistic	domain	neg_num	pos_num
0	1.0	His_Phos_1	152	1
1	0.936	LIM	25	10
2	0.6218199608610568	SNF	511	4
3	0.6454545454545454	PHD_2	20	11
4	0.7521663778162911	tRNA-synt_1	577	1
5	0.9833333333333334	TSP_3	20	9
6	0.7350427350427351	GATA	26	9
7	1.0	BIR	56	4
8	0.43123543123543123	Glyco_hydro_31	429	3
9	0.7377049180327868	GAF	122	1
10	1.0	C1_1	34	8
11	1.0	zf-B_box	32	8
12	0.23809523809523814	Kelch_1	42	1
13	0.6451612903225806	TNFR_c6	31	1
