	Logistic	domain	neg_num	pos_num
0	1.0	His_Phos_1	152	1
1	0.9281944444444444	LIM	25	10
2	0.016785072346616726	SNF	511	4
3	0.7134462078361097	PHD_2	20	11
4	0.003472222222222222	tRNA-synt_1	577	1
5	0.9656705948372617	TSP_3	20	9
6	0.6963782025030736	GATA	26	9
7	1.0	BIR	56	4
8	0.0056095896288219805	Glyco_hydro_31	429	3
9	0.015151515151515152	GAF	122	1
10	1.0	C1_1	34	8
11	1.0	zf-B_box	32	8
12	0.015151515151515152	Kelch_1	42	1
13	0.041666666666666664	TNFR_c6	31	1
