	Logistic	domain	neg_num	pos_num
0	5.153959279496941	Peptidase_M10	70	13
1	39.5	NTP_transf_2	77	2
2	35.48645833333333	PDEase_I	159	4
3	122.99999999999999	CAP	122	1
4	2.046029282871388	Lectin_C	48	3
5	3.0671874999999997	zf-H2C2_2	9	4
6	2.089285714285714	NHL	24	2
7	8.850779656124747	Cadherin_2	73	7
8	8.0	FYVE	56	8
9	4.086274509803922	zf-A20	19	5
10	5.1	zf-UBP	41	10
11	2.0	Prok-RING_4	8	8
12	4.5	zf-CCCH	14	4
13	3.8423913043478257	PKD	64	2
