	Logistic	domain	neg_num	pos_num
0	0.8072466341380751	Peptidase_M10	70	13
1	1.0	NTP_transf_2	77	2
2	0.8708333333333333	PDEase_I	159	4
3	1.0	CAP	122	1
4	0.12035466369831695	Lectin_C	48	3
5	0.94375	zf-H2C2_2	9	4
6	0.1607142857142857	NHL	24	2
7	0.7744432199109152	Cadherin_2	73	7
8	1.0	FYVE	56	8
9	0.8513071895424837	zf-A20	19	5
10	1.0	zf-UBP	41	10
11	1.0	Prok-RING_4	8	8
12	1.0	zf-CCCH	14	4
13	0.1164361001317523	PKD	64	2
