	Logistic	domain	neg_num	pos_num
0	153.0	His_Phos_1	152	1
1	3.2486805555555556	LIM	25	10
2	2.1610780646269037	SNF	511	4
3	2.010621131174491	PHD_2	20	11
4	2.006944444444444	tRNA-synt_1	577	1
5	3.1116052500311766	TSP_3	20	9
6	2.70813745417862	GATA	26	9
7	15.0	BIR	56	4
8	0.8077809065503653	Glyco_hydro_31	429	3
9	1.8636363636363635	GAF	122	1
10	5.25	C1_1	34	8
11	5.0	zf-B_box	32	8
12	0.6515151515151515	Kelch_1	42	1
13	1.3333333333333333	TNFR_c6	31	1
