	Logistic	domain	neg_num	pos_num
0	0.5534979423868313	Neur_chan_LBD	162	3
1	0.8857758620689654	7TM_GPCR_Srsx	232	2
2	0.506	BTB	100	5
3	0.6117604090577063	MHC_I	74	37
4	0.954119850187266	Asp	178	6
5	0.5083857442348009	FERM_M	106	9
6	0.7170542635658914	MHC_II_beta	43	18
7	0.8436363636363636	SH2	25	11
8	0.5606060606060606	HRM	33	2
