	Logistic	domain	neg_num	pos_num
0	1.024466865899091	Neur_chan_LBD	162	3
1	3.99032507739938	7TM_GPCR_Srsx	232	2
2	0.9981524714868193	BTB	100	5
3	1.269445919944769	MHC_I	74	37
4	17.43248623804179	Asp	178	6
5	0.9650950472271461	FERM_M	106	9
6	1.502979021077987	MHC_II_beta	43	18
7	2.4760459804334376	SH2	25	11
8	1.5682870370370372	HRM	33	2
