	Logistic	domain	neg_num	pos_num
0	0.0706439393939394	RRM_1	26	2
1	0.46457423263192704	FKBP_C	79	5
2	0.0230956668532952	MFS_1	332	5
3	0.2530171343374802	Hist_deacetyl	264	14
4	0.29566245246171236	DUF1986	93	3
5	0.11200440839402938	Phospholip_A2_1	84	9
6	1.0	PTCB-BRCT	39	1
7	0.3035888380112572	Peptidase_C1	191	6
8	0.8712835144653326	WW	12	11
9	0.06305789913410265	Fibrinogen_C	207	12
10	0.6292207792207791	PWWP	68	5
11	0.9813348416289593	SH3_9	10	13
