	Logistic	domain	neg_num	pos_num
0	0.5384615384615384	RRM_1	26	2
1	0.7392405063291139	FKBP_C	79	5
2	0.7066265060240964	MFS_1	332	5
3	0.8184523809523809	Hist_deacetyl	264	14
4	0.8351254480286738	DUF1986	93	3
5	0.5912698412698413	Phospholip_A2_1	84	9
6	1.0	PTCB-BRCT	39	1
7	0.9319371727748692	Peptidase_C1	191	6
8	0.8712121212121212	WW	12	11
9	0.5644122383252819	Fibrinogen_C	207	12
10	0.961764705882353	PWWP	68	5
11	0.9692307692307692	SH3_9	10	13
