	Logistic	domain	neg_num	pos_num
0	0.9890151515151516	RRM_1	26	2
1	7.804847108216375	FKBP_C	79	5
2	1.5566479459120963	MFS_1	332	5
3	5.02419738184425	Hist_deacetyl	264	14
4	9.461198478774795	DUF1986	93	3
5	1.1573788867383037	Phospholip_A2_1	84	9
6	40.0	PTCB-BRCT	39	1
7	9.967833514702944	Peptidase_C1	191	6
8	1.8217746211547863	WW	12	11
9	1.1508066591973733	Fibrinogen_C	207	12
10	9.186623376623375	PWWP	68	5
11	1.736207796728159	SH3_9	10	13
