	Logistic	domain	neg_num	pos_num
0	0.01862667028907438	Neur_chan_LBD	162	3
1	0.03410534254187505	7TM_GPCR_Srsx	232	2
2	0.047531070070800915	BTB	100	5
3	0.42314863998158964	MHC_I	74	37
4	0.5684506381970149	Asp	178	6
5	0.07552917760908101	FERM_M	106	9
6	0.44350200621973385	MHC_II_beta	43	18
7	0.7565696051324393	SH2	25	11
8	0.08961640211640212	HRM	33	2
