	Logistic	domain	neg_num	pos_num
0	0.4544753086419753	NUDIX	108	12
1	0.8204633204633205	Anticodon_1	74	7
2	0.0	Helicase_C	26	1
3	0.9743589743589745	TPR_17	13	3
4	0.7783251231527094	dsrm	29	14
5	0.5664335664335665	zf-CCCH	11	13
