	Logistic	domain	neg_num	pos_num
0	0.6129532073132942	tRNA-synt_1	461	7
1	0.725108225108225	CSD	42	22
2	0.7424242424242424	Ribosomal_S4	18	33
