	Logistic	domain	neg_num	pos_num
0	0.5441468253968254	RNase_T	144	14
1	0.7731481481481481	S4	9	24
2	0.71875	PUF	8	4
3	0.6103896103896104	TPR_1	14	11
