	Logistic	domain	neg_num	pos_num
0	0.019248820073165755	tRNA-synt_1	461	7
1	0.650617934592747	CSD	42	22
2	0.841642954403919	Ribosomal_S4	18	33
