	Logistic	domain	neg_num	pos_num
0	1.197569237261083	RNase_T	144	14
1	1.2134579528068576	S4	9	24
2	2.2585227272727275	PUF	8	4
3	1.4677689320916554	TPR_1	14	11
