	Logistic	domain	neg_num	pos_num
0	1.0214613375248567	NUDIX	108	12
1	2.332403944732669	Anticodon_1	74	7
2	0.5	Helicase_C	26	1
3	4.814814814814814	TPR_17	13	3
4	2.0558878039577118	dsrm	29	14
5	1.332962549759669	zf-CCCH	11	13
