	Logistic	domain	neg_num	pos_num
0	0.10214613375248567	NUDIX	108	12
1	0.2015657730015887	Anticodon_1	74	7
2	0.018518518518518517	Helicase_C	26	1
3	0.9027777777777777	TPR_17	13	3
4	0.6693588198932086	dsrm	29	14
5	0.7220213811198207	zf-CCCH	11	13
