	Logistic	domain	neg_num	pos_num
0	1.2869211134630818	tRNA-synt_1	461	7
1	1.892706718815264	CSD	42	22
2	1.3007209295333293	Ribosomal_S4	18	33
