	Logistic	domain	neg_num	pos_num
0	0.10611372988389343	RNase_T	144	14
1	0.8825148747686238	S4	9	24
2	0.7528409090909091	PUF	8	4
3	0.6458183301203284	TPR_1	14	11
