	Logistic	domain	neg_num	pos_num
0	3.349945887445887	LRR_4	25	6
1	1.6868039679145295	RRM_1	19	14
2	1.2002170518122552	LSM	32	7
3	2.804415285056417	Ribosomal_L7Ae	48	16
