	Logistic	domain	neg_num	pos_num
0	0.8163265306122449	Nop	154	14
1	0.8986175115207373	KH_1	31	7
2	0.6825396825396826	KOW	9	7
3	0.45454545454545453	zf-CCHC	2	11
