	Logistic	domain	neg_num	pos_num
0	3.334952919755051	Nop	154	14
1	3.574187207350473	KH_1	31	7
2	1.5104935880446082	KOW	9	7
3	1.0409964461617356	zf-CCHC	2	11
