	Logistic	domain	neg_num	pos_num
0	0.6483766233766233	LRR_4	25	6
1	0.7156138045698004	RRM_1	19	14
2	0.21542357340219964	LSM	32	7
3	0.7011038212641042	Ribosomal_L7Ae	48	16
