	Logistic	domain	neg_num	pos_num
0	0.27791274331292093	Nop	154	14
1	0.6584029066171924	KH_1	31	7
2	0.660840944769516	KOW	9	7
3	0.8808431467522377	zf-CCHC	2	11
