	Logistic	domain	neg_num	pos_num
0	0.88	LRR_4	25	6
1	0.6879699248120301	RRM_1	19	14
2	0.6517857142857143	LSM	32	7
3	0.8268229166666666	Ribosomal_L7Ae	48	16
