	domain	domain_len	domain_precison	fold_imp	pos_frac	pos_num	prob
0	S4	39	0.0	0.0	0.38461538461538464	1	0.5
1	S4	39	0.0	0.0	0.38461538461538464	1	0.4
2	S4	39	0.0	0.0	0.38461538461538464	1	0.3
3	S4	39	0.0	0.0	0.38461538461538464	1	0.2
4	S4	39	0.0	0.0	0.38461538461538464	1	0.1
5	S4	39	0.5	0.8	0.38461538461538464	6	0.05
6	zf-CCHC	16	1.0	0.3333333333333333	0.75	2	0.01
7	S4	39	0.4117647058823529	0.6588235294117647	0.38461538461538464	17	0.01
8	Ribosomal_S4	45	1.0	5.428571428571429	0.15555555555555556	2	0.01
