	frac_text	positives	precision	prob	recall	total
0	4/4	4	1.0	0.1	0.013071895424836602	4
1	16/18	16	0.8888888888888888	0.05	0.05228758169934641	18
2	54/86	54	0.627906976744186	0.01	0.17647058823529413	86
3	70/129	70	0.5426356589147286	0.005	0.22875816993464052	129
4	96/305	96	0.31475409836065577	0.001	0.3137254901960784	305
5	105/433	105	0.24249422632794457	0.0005	0.3431372549019608	433
6	134/1083	134	0.123730378578024	0.0001	0.43790849673202614	1083
7	306/41913	306	0.007300837449001503	0.0	1.0	41913
