	domain	domain_len	domain_precison	fold_imp	pos_frac	pos_num	prob
0	Ribosomal_S4	61	1.0	0.48780487804878053	0.6721311475409836	4	0.1
1	KH_1	45	1.0	5.428571428571429	0.15555555555555556	1	0.05
2	S4	47	1.0	0.23684210526315788	0.8085106382978723	2	0.05
3	Ribosomal_S4	61	1.0	0.48780487804878053	0.6721311475409836	13	0.05
4	LSM	46	0.25	1.3928571428571428	0.15217391304347827	4	0.01
5	zf-CCHC	16	1.0	0.3333333333333333	0.75	3	0.01
6	KH_1	45	0.6	3.257142857142857	0.15555555555555556	5	0.01
7	S4	47	0.9411764705882353	0.22291021671826625	0.8085106382978723	17	0.01
8	Ribosomal_S4	61	0.7948717948717948	0.3877423389618512	0.6721311475409836	39	0.01
