	frac_text	positives	precision	prob	recall	total
0	0/2	0	0.0	0.1	0.0	2
1	0/3	0	0.0	0.05	0.0	3
2	2/22	2	0.09090909090909091	0.01	0.01694915254237288	22
3	6/47	6	0.1276595744680851	0.005	0.05084745762711865	47
4	22/135	22	0.16296296296296298	0.001	0.1864406779661017	135
5	25/199	25	0.12562814070351758	0.0005	0.211864406779661	199
6	47/569	47	0.08260105448154657	0.0001	0.3983050847457627	569
7	118/44272	118	0.002665341525117456	0.0	1.0	44272
