	domain	domain_len	domain_precison	fold_imp	pos_frac	pos_num	prob
0	S4	32	1.0	0.391304347826087	0.71875	1	0.1
1	Ribosomal_S4	52	1.0	0.625	0.6153846153846154	1	0.1
2	S4	32	1.0	0.391304347826087	0.71875	2	0.05
3	Ribosomal_S4	52	1.0	0.625	0.6153846153846154	4	0.05
4	S4	32	1.0	0.391304347826087	0.71875	4	0.01
5	Ribosomal_S4	52	1.0	0.625	0.6153846153846154	15	0.01
6	LSM	42	1.0	13.0	0.07142857142857142	1	0.01
7	tRNA-synt_1	508	0.0	0.0	0.00984251968503937	1	0.01
